{"cameraMode":{"drawMode":0,"name":"Shaded","section":"Shading Mode"},"sceneLighting":true,"audioPlay":false,"sceneViewState":{"showFog":true,"showMaterialUpdate":false,"showSkybox":true,"showFlares":true,"showImageEffects":true,"showParticleSystems":true},"in2DMode":false,"pivot":{"x":-26.857635498046876,"y":-10.157196998596192,"z":-5.950108528137207},"rotation":{"x":-0.15583592653274537,"y":0.07193636149168015,"z":-0.01145078707486391,"w":-0.9850934743881226},"size":129.24176025390626,"orthographic":false}